ID	Description	GeneRatio	BgRatio	pvalue	p.adjust	qvalue	geneID	Count
mtm00640	Propanoate metabolism	8/147	21/2096	4.50871545189996e-05	0.00311101366181097	0.0026577691084884	MYCTH_2306503/MYCTH_95158/MYCTH_110317/MYCTH_2309890/MYCTH_2296757/MYCTH_77206/MYCTH_38939/MYCTH_76126	8
mtm00500	Starch and sucrose metabolism	12/147	53/2096	0.000196106460719523	0.00664902990803327	0.00568033066132514	MYCTH_109566/MYCTH_58882/MYCTH_2297364/MYCTH_86753/MYCTH_66729/MYCTH_75490/MYCTH_2301308/MYCTH_72393/MYCTH_140260/MYCTH_2309547/MYCTH_2295490/MYCTH_2309843	12
mtm00280	Valine, leucine and isoleucine degradation	9/147	33/2096	0.000289088256871012	0.00664902990803327	0.00568033066132514	MYCTH_2297338/MYCTH_2306503/MYCTH_95158/MYCTH_108115/MYCTH_2302660/MYCTH_2308533/MYCTH_2296757/MYCTH_2297847/MYCTH_76126	9
mtm01110	Biosynthesis of secondary metabolites	39/147	355/2096	0.00156751659223642	0.0270396612160783	0.0231002445171683	MYCTH_58882/MYCTH_2297364/MYCTH_2299088/MYCTH_2315754/MYCTH_2312383/MYCTH_2311072/MYCTH_2315623/MYCTH_2309375/MYCTH_2306503/MYCTH_95158/MYCTH_110317/MYCTH_66338/MYCTH_109638/MYCTH_2306984/MYCTH_108115/MYCTH_75490/MYCTH_2301308/MYCTH_112306/MYCTH_2302660/MYCTH_60685/MYCTH_2306283/MYCTH_2297133/MYCTH_112121/MYCTH_2309547/MYCTH_2296757/MYCTH_38939/MYCTH_2302034/MYCTH_112612/MYCTH_2294760/MYCTH_2304147/MYCTH_2295490/MYCTH_2314321/MYCTH_2313219/MYCTH_2080506/MYCTH_2299007/MYCTH_2308814/MYCTH_2311083/MYCTH_2309843/MYCTH_44230	39
