ID	Description	GeneRatio	BgRatio	pvalue	p.adjust	qvalue	geneID	Count
ang03030	DNA replication	15/328	33/2418	7.30635970087508e-06	0.000679491452181382	0.000615272395863165	ANI_1_52134/ANI_1_338024/ANI_1_2728014/ANI_1_982134/ANI_1_366144/ANI_1_2080024/ANI_1_540124/ANI_1_610014/ANI_1_1442024/ANI_1_434144/ANI_1_342014/ANI_1_604024/ANI_1_692144/ANI_1_2158064/ANI_1_2054024	15
ang03015	mRNA surveillance pathway	18/328	49/2418	3.24900514614853e-05	0.00151078739295907	0.00136800216679938	ANI_1_2466014/ANI_1_1820074/ANI_1_32174/ANI_1_2062024/ANI_1_848074/ANI_1_582094/ANI_1_2030024/ANI_1_332064/ANI_1_312154/ANI_1_1230144/ANI_1_1436024/ANI_1_3266014/ANI_1_418164/ANI_1_1518144/ANI_1_1988064/ANI_1_614094/ANI_1_2636024/ANI_1_612164	18
ang04011	MAPK signaling pathway - yeast	22/328	69/2418	5.59022073899939e-05	0.00173296842908981	0.00156918476884194	ANI_1_184174/ANI_1_424024/ANI_1_188054/ANI_1_764124/ANI_1_1356094/ANI_1_522114/ANI_1_450074/ANI_1_1236024/ANI_1_1066124/ANI_1_808164/ANI_1_2904014/ANI_1_1390094/ANI_1_874064/ANI_1_72134/ANI_1_274154/ANI_1_154074/ANI_1_1958024/ANI_1_248164/ANI_1_664124/ANI_1_410094/ANI_1_630064/ANI_1_938024	22
ang04111	Cell cycle - yeast	22/328	82/2418	0.000885501822493282	0.0205879173729688	0.0186421436314375	ANI_1_408024/ANI_1_836064/ANI_1_3096024/ANI_1_3260014/ANI_1_2436074/ANI_1_638024/ANI_1_540124/ANI_1_2010094/ANI_1_1442024/ANI_1_1454094/ANI_1_342014/ANI_1_1508024/ANI_1_38114/ANI_1_568024/ANI_1_672024/ANI_1_418164/ANI_1_874134/ANI_1_692144/ANI_1_1994024/ANI_1_3092024/ANI_1_410094/ANI_1_3070024	22
ang04113	Meiosis - yeast	19/328	71/2418	0.00204501731632761	0.0380373220836935	0.0344423969065702	ANI_1_2466014/ANI_1_824074/ANI_1_212094/ANI_1_3260014/ANI_1_2436074/ANI_1_540124/ANI_1_2010094/ANI_1_1442024/ANI_1_1436024/ANI_1_474134/ANI_1_342014/ANI_1_418164/ANI_1_874134/ANI_1_672144/ANI_1_692144/ANI_1_3092024/ANI_1_262024/ANI_1_410094/ANI_1_306014	19
